Sample ID,Assignee Score,Action Score,Deadline Score,Prediction (Translated),Ground Truth
1,0.0,0.0,0.0,[],"[{""assignee"": ""מיכל"", ""action"": ""שילוב אספקטים של ממשק משתמש ושיווק במצגת"", ""deadline"": ""סוף היום""}, {""assignee"": ""מיכל"", ""action"": ""בדיקת פונקציונליות הלוח הלבן עם יובל"", ""deadline"": ""מחר""}, {""assignee"": ""מיכל"", ""action"": ""עדכון לגבי הוראות מהמאמן האישי"", ""deadline"": ""ברגע שיועברו""}, {""assignee"": ""רן"", ""action"": ""קביעת פגישת עדכון סטטוס"", ""deadline"": ""מחר""}, {""assignee"": ""יובל"", ""action"": ""בדיקת פונקציונליות הלוח הלבן וכלים נוספים"", ""deadline"": ""היום אחר הצהריים""}]"
2,0.0,0.0,0.0,[],"[{""assignee"": ""דניאל"", ""action"": ""לנהל ניתוח שוק על מגמות בשלטי רחוק ודרישות המשתמש"", ""deadline"": ""שבוע הבא""}, {""assignee"": ""רונית"", ""action"": ""לקבוע אסטרטגיות תמחור ופירוט עלויות עבור השלט הרחוק ועמדת ההתחברות"", ""deadline"": ""שבוע הבא""}, {""assignee"": ""נועה"", ""action"": ""להכין שאלונים וסיכומים לאחר הפגישה"", ""deadline"": ""מחר""}]"
3,0.0,0.0,0.0,[],"[{""assignee"": ""תמר"", ""action"": ""הכנת דוח על אופציות תאורה זמינות"", ""deadline"": ""סוף השבוע""}, {""assignee"": ""יואב"", ""action"": ""בדיקת עלויות לשילוב אורות"", ""deadline"": ""סוף השבוע""}, {""assignee"": ""תמר"", ""action"": ""קבלת הערכה ראשונית מהמהנדסים לגבי שינוי PCB"", ""deadline"": ""סוף השבוע""}, {""assignee"": ""תמר"", ""action"": ""שליחת זימון פגישה לצוות"", ""deadline"": ""שבוע הבא""}]"
4,0.0,0.0,0.0,[],"[{""assignee"": ""יוסי"", ""action"": ""לבדוק את האופציות הקיימות בשוק לאינדיקטורים קוליים ו-LED"", ""deadline"": ""מחר""}, {""assignee"": ""רותם"", ""action"": ""לחקור עיצובים ארגונומיים לשלט הרחוק"", ""deadline"": ""מחר""}, {""assignee"": ""יוסי"", ""action"": ""לבדוק עלויות ואפשרויות ליישום LED"", ""deadline"": ""מחר""}, {""assignee"": ""יוסי"", ""action"": ""להכין מסמך עם כל המידע הנדרש על קול ו-LED"", ""deadline"": ""מחר""}]"
5,0.0,0.0,0.0,[],"[{""assignee"": ""נאווה"", ""action"": ""בחירת תקן עיצוב Bootstrap לרכיבים"", ""deadline"": ""עד סוף השבוע""}, {""assignee"": ""נאווה"", ""action"": ""שמירה על מסמכים ב-Google Drive עם גיבוי ב-Cloud"", ""deadline"": ""מיידי""}, {""assignee"": ""נאווה"", ""action"": ""סיום הצגת דגם העיצוב ושליחתו לסקירה"", ""deadline"": ""עד סוף השבוע""}, {""assignee"": ""יואב"", ""action"": ""יצירת Data Recovery Plan"", ""deadline"": ""לא מוגדר""}, {""assignee"": ""נאווה"", ""action"": ""שליחת תוכנית התאוששות ליואב"", ""deadline"": ""יום ראשון""}]"
6,0.0,0.0,0.0,[],"[{""assignee"": ""יעל"", ""action"": ""איסוף פידבק מהמשתמשים"", ""deadline"": ""סוף השבוע""}, {""assignee"": ""דני"", ""action"": ""בדיקת CSS להוספת שיפורים"", ""deadline"": ""סוף היום""}, {""assignee"": ""יעל"", ""action"": ""בדיקת UI responsiveness על מכשירים ישנים"", ""deadline"": ""סוף השבוע""}, {""assignee"": ""דני"", ""action"": ""דיבור עם צוות ה-Backend על API integration"", ""deadline"": ""סוף היום""}, {""assignee"": ""יעל"", ""action"": ""דיבור עם ליאור על בדיקת QA"", ""deadline"": ""סוף היום""}]"
7,0.0,0.0,0.0,[],"[{""assignee"": ""אייל"", ""action"": ""לעשות מחקר על המתחרים המובילים בשוק"", ""deadline"": ""חמישי הבא""}, {""assignee"": ""דנה"", ""action"": ""לעבוד על שיפור ה-UX בגרסה הבאה"", ""deadline"": ""סוף השבוע הבא""}]"
8,0.0,0.0,0.0,[],"[{""assignee"": ""מיכל"", ""action"": ""להעביר את מסמך פגישת העיצוב המפורט הסופי לתיקיית הפרויקט"", ""deadline"": ""סוף היום""}, {""assignee"": ""רותם"", ""action"": ""להציג רעיונות לממשק משתמש במפגש הבא"", ""deadline"": ""המפגש הבא""}, {""assignee"": ""דני"", ""action"": ""לסיים את התכונות והמפרט הסופי עד סוף השבוע"", ""deadline"": ""סוף השבוע""}, {""assignee"": ""מיכל"", ""action"": ""לשלוח עדכון על ההתקדמות בתחום מניעת קריסה ואובדן נתונים"", ""deadline"": ""מחר בבוקר""}, {""assignee"": ""רותם"", ""action"": ""לעבור על המסמך של מיכל"", ""deadline"": ""כאשר המסמך יגיע""}, {""assignee"": ""דני"", ""action"": ""לקבוע פגישה נוספת ביום חמישי"", ""deadline"": ""יום חמישי""}]"
9,0.0,0.0,0.0,[],"[{""assignee"": ""אורית"", ""action"": ""בדיקת זמינות חיבור אלחוטי"", ""deadline"": ""היום""}, {""assignee"": ""אורית"", ""action"": ""הובלת העיצוב הפונקציונלי"", ""deadline"": ""היום""}, {""assignee"": ""שרה"", ""action"": ""הובלת העיצוב המושגות"", ""deadline"": ""שבוע הבא""}, {""assignee"": ""דני"", ""action"": ""הובלת העיצוב המפורט"", ""deadline"": ""שבוע הבא""}, {""assignee"": ""אורית"", ""action"": ""סיכום החלטות הפגישה"", ""deadline"": ""היום""}]"
10,0.0,0.0,0.0,[],"[{""assignee"": ""דני"", ""action"": ""לקבוע את הצורך בשבב מתקדם לתצוגת LCD"", ""deadline"": ""שבועיים מעכשיו""}, {""assignee"": ""יואב"", ""action"": ""ליצור קונספט עם LCD"", ""deadline"": ""שבועיים מעכשיו""}, {""assignee"": ""ליאורה"", ""action"": ""ליצור קונספט בלעדי LCD"", ""deadline"": ""שבועיים מעכשיו""}, {""assignee"": ""דני"", ""action"": ""להציג את הקונספטים בישיבת צוות"", ""deadline"": ""שלושה שבועות מעכשיו""}]"
11,0.0,0.0,0.0,[],"[{""assignee"": ""נועה"", ""action"": ""להעריך את העדפות המשתמשים באפשרויות צבע לשלט הרחוק"", ""deadline"": ""10/11/2023""}, {""assignee"": ""קייט וקנדרה"", ""action"": ""לייצר מודל לצורך ביקורת ודיון נוסף"", ""deadline"": ""17/11/2023""}]"
12,0.0,0.0,0.0,[],"[{""assignee"": ""דנה"", ""action"": ""כתיבת Unit Tests"", ""deadline"": ""סוף השבוע""}, {""assignee"": ""דנה"", ""action"": ""התחלת Deployment"", ""deadline"": ""יום ראשון""}, {""assignee"": ""דנה"", ""action"": ""תיעדוף Bug List"", ""deadline"": ""לא צוין""}, {""assignee"": ""יוסי"", ""action"": ""ביצוע Code Review"", ""deadline"": ""יום שני""}, {""assignee"": ""דנה"", ""action"": ""הכנת דוח סטטוס"", ""deadline"": ""יום רביעי""}, {""assignee"": ""דנה"", ""action"": ""שליחת מסמך עם הצעות לשיפור UI"", ""deadline"": ""מחר""}]"
13,0.0,0.0,0.0,[],"[{""assignee"": ""מיכל"", ""action"": ""ליצור בקשה לצוות העיצוב"", ""deadline"": ""סוף השבוע""}, {""assignee"": ""יונתן"", ""action"": ""לדבר עם מחלקת הייצור לגבי העלויות"", ""deadline"": ""סוף השבוע""}, {""assignee"": ""מיכל"", ""action"": ""לתאם פגישה עם מחלקת הייצור"", ""deadline"": ""סוף השבוע""}, {""assignee"": ""יונתן"", ""action"": ""לבדוק את ה-API החדש"", ""deadline"": ""מחר""}]"
14,0.0,0.0,0.0,[],"[{""assignee"": ""יוסי"", ""action"": ""חקור ונתח נקודות חולשה של שלטי רחוק נוכחיים"", ""deadline"": ""סוף השבוע""}, {""assignee"": ""רונית"", ""action"": ""חקור את האפשרות לכלול מכשיר הכוונה לאיתור שלט הרחוק האבוד"", ""deadline"": ""לאחר סיום הפרויקט הנוכחי""}, {""assignee"": ""יוסי"", ""action"": ""הכין דוח על האפשרויות לצ'יפ המתקדם"", ""deadline"": ""שבוע הבא""}]"
15,0.0,0.0,0.0,[],"[{""assignee"": ""דנה"", ""action"": ""לחקור אפשרות לגישה לאינטרנט דרך הטלוויזיה"", ""deadline"": ""27/10/2023""}, {""assignee"": ""אבי"", ""action"": ""לבדוק התאמה לפרוטוקול אינפרא אדום קיים"", ""deadline"": ""27/10/2023""}]"
16,0.0,0.0,0.0,[],"[{""assignee"": ""דני"", ""action"": ""בדיקת עלויות סוללה קינטית"", ""deadline"": ""מחר בצהריים""}, {""assignee"": ""נועה"", ""action"": ""חקירת תארכות דמות דובר בדפדוף"", ""deadline"": ""יום רביעי""}, {""assignee"": ""דני"", ""action"": ""חקר הפוטנציאל השוקי של המוצר"", ""deadline"": ""סוף השבוע""}]"
17,0.0,0.0,0.0,[],"[{""assignee"": ""יוסי"", ""action"": ""הוספת Voice Control בגרסה הבאה"", ""deadline"": ""סוף נובמבר""}, {""assignee"": ""אבי"", ""action"": ""ניתוח עלויות לתפריטים נפרדים"", ""deadline"": ""אמצע נובמבר""}, {""assignee"": ""דנה"", ""action"": ""הצעה ללוח זמנים"", ""deadline"": ""סוף השבוע""}, {""assignee"": ""נועה"", ""action"": ""שליחת סיכום הפגישה"", ""deadline"": ""מייד לאחר הפגישה""}]"
18,0.0,0.0,0.0,[],"[{""assignee"": ""יוסי"", ""action"": ""לנתח את הנתונים הקיימים להערכת הביקוש השוקי לשלט"", ""deadline"": ""חמישי""}, {""assignee"": ""דני"", ""action"": ""לתאם עם מחלקת הלוגיסטיקה להקצאת חדר לפאולה"", ""deadline"": ""שני""}]"
19,0.33,0.26,0.0,"[{""name"": ""Michal"", ""action"": ""ליצור קשר עם חברי הצוות""}, {""name"": ""Dan"", ""action"": ""למצוא חברת הובלות""}]","[{""assignee"": ""דני"", ""action"": ""לתאם עם חברת ההובלה"", ""deadline"": ""31/10/2023""}, {""assignee"": ""מיכל"", ""action"": ""ליצור קשר עם הצוותים ולבדוק זמינות"", ""deadline"": ""01/11/2023""}, {""assignee"": ""מיכל"", ""action"": ""לסדר זמן להתקנת הציוד במקום החדש עם הצוות הטכני"", ""deadline"": ""05/11/2023""}, {""assignee"": ""מיכל"", ""action"": ""להכין רשימה של הציוד שצריך להעביר"", ""deadline"": ""03/11/2023""}, {""assignee"": ""מיכל"", ""action"": ""להכין מסמכים לתיאום לוגיסטי"", ""deadline"": ""04/11/2023""}, {""assignee"": ""דני"", ""action"": ""לחפש הצעות מחיר להובלה"", ""deadline"": ""02/11/2023""}]"
20,0.0,0.0,0.0,[],"[{""assignee"": ""שרה"", ""action"": ""לנתח את ההשפעה הכלכלית של כל נקודת מחיר"", ""deadline"": ""סוף השבוע""}, {""assignee"": ""יוסי"", ""action"": ""לבדוק איך השינויים ישפיעו על ה-UI/UX"", ""deadline"": ""שבוע הבא""}, {""assignee"": ""יוסי"", ""action"": ""לבדוק אפשרויות קיימות לשילוב מכשירי מעקב"", ""deadline"": ""שבוע הבא""}, {""assignee"": ""שרה"", ""action"": ""לבדוק פתרונות נוספים כמו אפליקציות לנייד"", ""deadline"": ""סוף השבוע""}]"
21,0.0,0.0,0.0,[],"[{""assignee"": ""מיכל"", ""action"": ""לבדוק את השימוש ב-Python"", ""deadline"": ""סוף השבוע""}, {""assignee"": ""נועה"", ""action"": ""לעבוד על ה-design system"", ""deadline"": ""בעוד שבוע""}, {""assignee"": ""מיכל"", ""action"": ""לעשות performance testing על ה-database"", ""deadline"": ""סוף השבוע""}, {""assignee"": ""נועה"", ""action"": ""לעבוד על הפיצ'ר של ה-notifications עם יוסי"", ""deadline"": ""בשבוע הבא""}]"
22,0.0,0.0,0.0,[],"[{""assignee"": ""רונית"", ""action"": ""בדיקה של סוללות סולאריות"", ""deadline"": ""מחר בערב""}, {""assignee"": ""יוסי"", ""action"": ""סיום תהליך ההערכה לייצור"", ""deadline"": ""סוף השבוע""}, {""assignee"": ""אבי"", ""action"": ""בדיקת אפשרויות לממש כפתור עזרה חכם"", ""deadline"": ""ללא תאריך ספציפי""}, {""assignee"": ""רונית"", ""action"": ""הובלת קבוצת מיקוד לקבלת תגובות על העיצוב"", ""deadline"": ""ללא תאריך ספציפי""}, {""assignee"": ""יוסי"", ""action"": ""מעקב ותיעוד עם הצוות"", ""deadline"": ""סוף השבוע""}, {""assignee"": ""רונית"", ""action"": ""בדיקות לגבי AI"", ""deadline"": ""ללא תאריך ספציפי""}]"
23,0.0,0.0,0.0,[],"[{""assignee"": ""יוסי"", ""action"": ""לבדוק את עלות ה-LCD"", ""deadline"": ""חמישי""}, {""assignee"": ""נועה"", ""action"": ""לבדוק את פונקציונליות ותומך המשתמש של עיצובי הפרוטוטייפ"", ""deadline"": ""ראשון""}, {""assignee"": ""נועה"", ""action"": ""לערוך סיעור מוחות על צורות מעוגלות ומהפכניות לעיצוב"", ""deadline"": ""רביעי""}]"
24,0.0,0.0,0.0,[],"[{""assignee"": ""דני"", ""action"": ""בדוק וסיים את פרוטוקולי הפגישה הראשונה"", ""deadline"": ""סוף היום""}, {""assignee"": ""יואב"", ""action"": ""חקור את הפוטנציאל של פונקצית חיפוש ייחודית לשלט והבא דו\""ח"", ""deadline"": ""יום ראשון הבא""}]"
25,0.0,0.0,0.0,[],"[{""assignee"": ""רונית"", ""action"": ""אשר את כלולם של מונחים כמו \""galactic reddening\"""", ""deadline"": ""מחר""}, {""assignee"": ""רונית"", ""action"": ""לעצב את השלט הרחוק עם זיהוי פקולי פשוט"", ""deadline"": ""שבועיים""}, {""assignee"": ""דני"", ""action"": ""הכנת סקיצה ראשונית לשלט הרחוק"", ""deadline"": ""סוף השבוע""}]"
26,0.0,0.0,0.0,[],"[{""assignee"": ""רותם"", ""action"": ""לעבוד על תכונות מתקדמות מוסתרות"", ""deadline"": ""סוף השבוע""}, {""assignee"": ""דנה"", ""action"": ""לעדכן את הסיכום לגבי מדידות חשיבות"", ""deadline"": ""מחר בערב""}, {""assignee"": ""יוסי"", ""action"": ""לטפל בסכימת הצבעים ולוגו"", ""deadline"": ""היום בערב""}, {""assignee"": ""רותם"", ""action"": ""לבדוק חסרי ההעתקה"", ""deadline"": ""סוף השבוע""}]"
27,0.0,0.0,0.0,[],"[{""assignee"": ""דני"", ""action"": ""בדיקת השפעת הצגת תפריט על הטלוויזיה על ה-UI וה-UX"", ""deadline"": ""בשבוע הבא""}, {""assignee"": ""דני"", ""action"": ""הכנת שאלונים למשתמשים"", ""deadline"": ""לפני הפגישה הבאה""}, {""assignee"": ""דני"", ""action"": ""עיצוב שלט ידידותי למשתמש"", ""deadline"": ""חמישי""}, {""assignee"": ""מיכל"", ""action"": ""הכנת סיכום של הפגישה"", ""deadline"": ""אחרי הפגישה""}]"
28,0.0,0.0,0.0,[],"[{""assignee"": ""אורן"", ""action"": ""לבדוק את האפשרות והעלות של שמירה על האריכולציה"", ""deadline"": ""יום שני הבא""}, {""assignee"": ""דנה"", ""action"": ""לדבר עם רותי על חקר אפשרויות שכבת ספוג"", ""deadline"": ""סוף השבוע""}, {""assignee"": ""דנה"", ""action"": ""לעבוד עם דני על שיפור תכונות עם תצוגות גרפיות ורכיבים אינטראקטיביים"", ""deadline"": ""סוף השבוע""}]"
29,0.0,0.0,0.0,[],"[{""assignee"": ""נועה"", ""action"": ""לסיים את פונקציות הכפתורים"", ""deadline"": ""סוף השבוע""}, {""assignee"": ""דנה"", ""action"": ""לעבוד על העיצוב ולשלב CSS"", ""deadline"": ""אמצע השבוע הבא""}]"
30,0.0,0.0,0.0,[],"[{""assignee"": ""רותם"", ""action"": ""סקירה מלאה של ההיפנות ולהבטיח עקביות"", ""deadline"": ""היום בערב""}, {""assignee"": ""רותם"", ""action"": ""ביצוע הערכה של תהליך ה-Data Analysis"", ""deadline"": ""מחר בבוקר""}, {""assignee"": ""רותם"", ""action"": ""חקר האפשרות להוסיף Themes חדשים"", ""deadline"": ""בשבוע הבא""}, {""assignee"": ""נועה"", ""action"": ""הכנת ושליחת הודעת פרויקט לצוות"", ""deadline"": ""מחר בצהריים""}]"
