Sample ID,Assignee Score,Action Score,Deadline Score,Prediction,Ground Truth,Input Preview
1,0.6,0.6,0.0,"[{""assignee"": ""מיכל"", ""action"": ""לשלוח טיוטה של המצגת עד סוף היום"", ""deadline"": ""יום""}, {""assignee"": ""יובל"", ""action"": ""לבדוק את הפונקציונליות של הלוח הלבן ולתת עדכון מחר"", ""deadline"": ""מחר""}, {""assignee"": ""מיכל"", ""action"": ""לבדוק עם המאמן את ההוראות"", ""deadline"": ""לא ידוע""}, {""assignee"": ""יובל"", ""action"": ""לבדוק את התקלות היום אחרי הצהריים"", ""deadline"": ""יום""}, {""assignee"": ""מיכל"", ""action"": ""למשיך לעבוד על המצגת"", ""deadline"": ""לא ידוע""}]","[{""assignee"": ""מיכל"", ""action"": ""שילוב אספקטים של ממשק משתמש ושיווק במצגת"", ""deadline"": ""סוף היום""}, {""assignee"": ""מיכל"", ""action"": ""בדיקת פונקציונליות הלוח הלבן עם יובל"", ""deadline"": ""מחר""}, {""assignee"": ""מיכל"", ""action"": ""עדכון לגבי הוראות מהמאמן האישי"", ""deadline"": ""ברגע שיועברו""}, {""assignee"": ""רן"", ""action"": ""קביעת פגישת עדכון סטטוס"", ""deadline"": ""מחר""}, {""assignee"": ""יובל"", ""action"": ""בדיקת פונקציונליות הלוח הלבן וכלים נוספים"", ""deadline"": ""היום אחר הצהריים""}]","רן: היי מיכל, איך אנחנו מתקדמים עם המצגת למחר? מיכל: היי רן, אני עובדת על השילוב של אספקטים של ממשק ..."
2,0.75,0.59,0.25,"[{""assignee"": ""דניאל"", ""action"": ""ניתוח שוק ואיסוף הצעות מכל הצוות"", ""deadline"": ""עד סוף השבוע""}, {""assignee"": ""נועה"", ""action"": ""כינון שאלונים וסיכומים לאחר הפגישה"", ""deadline"": ""מחר בבוקר""}, {""assignee"": ""רונית"", ""action"": ""אסטרטגיות תמחור ופירוט עלויות"", ""deadline"": ""עד סוף השבוע""}, {""assignee"": ""יואב"", ""action"": ""סיום הפגישה"", ""deadline"": ""כעת""}]","[{""assignee"": ""דניאל"", ""action"": ""לנהל ניתוח שוק על מגמות בשלטי רחוק ודרישות המשתמש"", ""deadline"": ""שבוע הבא""}, {""assignee"": ""רונית"", ""action"": ""לקבוע אסטרטגיות תמחור ופירוט עלויות עבור השלט הרחוק ועמדת ההתחברות"", ""deadline"": ""שבוע הבא""}, {""assignee"": ""נועה"", ""action"": ""להכין שאלונים וסיכומים לאחר הפגישה"", ""deadline"": ""מחר""}]","יואב: שלום לכולם, נתחיל את הפגישה. יש לנו הרבה נושאים לדבר עליהם היום. נועה: כן, אני חושבת שהכי חשוב..."
3,0.67,0.51,0.5,"[{""assignee"": ""יואב"", ""action"": ""בדוק את העלויות של האורות והעיצוב"", ""deadline"": ""סוף השבוע""}, {""assignee"": ""תמר"", ""action"": ""אכין דוח על האופציות הזמינות"", ""deadline"": ""סוף השבוע""}, {""assignee"": ""יואב"", ""action"": ""בדוק אפשרות שינוי ב-PCB"", ""deadline"": ""השבועיים הבאים""}, {""assignee"": ""תמר"", ""action"": ""פנה למהנדסים וקבל הערכה ראשונית"", ""deadline"": ""השבועיים הבאים""}, {""assignee"": ""יואב"", ""action"": ""תאם פגישה עם כל הצוות לשבוע הבא"", ""deadline"": ""שבוע הבא""}, {""assignee"": ""תמר"", ""action"": ""שלח זימון ביומן לפגישה"", ""deadline"": ""שבוע הבא""}]","[{""assignee"": ""תמר"", ""action"": ""הכנת דוח על אופציות תאורה זמינות"", ""deadline"": ""סוף השבוע""}, {""assignee"": ""יואב"", ""action"": ""בדיקת עלויות לשילוב אורות"", ""deadline"": ""סוף השבוע""}, {""assignee"": ""תמר"", ""action"": ""קבלת הערכה ראשונית מהמהנדסים לגבי שינוי PCB"", ""deadline"": ""סוף השבוע""}, {""assignee"": ""תמר"", ""action"": ""שליחת זימון פגישה לצוות"", ""deadline"": ""שבוע הבא""}]","יואב: היי תמר, חשבת כבר על שילוב של אורות בעיצוב שלט הרחוק? תמר: כן, אני חושבת שזה יכול להוסיף הרבה...."
4,0.75,0.57,0.75,"[{""assignee"": ""יוסי"", ""action"": ""לבדוק את האפשרויות ליישום אינדיקטורי קול או LED"", ""deadline"": ""מחר""}, {""assignee"": ""רותם"", ""action"": ""לבדוק עיצובים ארגונומיים ולהשתמש בחומרים עם תחושה שונה"", ""deadline"": ""מחר""}, {""assignee"": ""יוסי"", ""action"": ""להכין מסמך עם כל המידע שאנחנו צריכים"", ""deadline"": ""מחר""}]","[{""assignee"": ""יוסי"", ""action"": ""לבדוק את האופציות הקיימות בשוק לאינדיקטורים קוליים ו-LED"", ""deadline"": ""מחר""}, {""assignee"": ""רותם"", ""action"": ""לחקור עיצובים ארגונומיים לשלט הרחוק"", ""deadline"": ""מחר""}, {""assignee"": ""יוסי"", ""action"": ""לבדוק עלויות ואפשרויות ליישום LED"", ""deadline"": ""מחר""}, {""assignee"": ""יוסי"", ""action"": ""להכין מסמך עם כל המידע הנדרש על קול ו-LED"", ""deadline"": ""מחר""}]","דני: בוקר טוב לכולם, בואו נתחיל. קודם כל, אנחנו צריכים לחקור את האפשרות ליישום אינדיקטורי קול או LED..."
5,0.4,0.41,0.2,"[{""assignee"": ""נאווה"", ""action"": ""לשלוח ליואב את התוכנית להתאוששות עד יום ראשון"", ""deadline"": ""יום ראשון""}, {""assignee"": ""איתן"", ""action"": ""לבדוק את ההשלכות של קריסה ואובדן נתונים ולפתח תוכנית התאוששות"", ""deadline"": ""יום ראשון""}, {""assignee"": ""נאווה"", ""action"": ""לשתף פעולה עם צוות העיצוב ולהשתמש ב-Bootstrap לעיצוב הרכיבים"", ""deadline"": ""יום ראשון""}]","[{""assignee"": ""נאווה"", ""action"": ""בחירת תקן עיצוב Bootstrap לרכיבים"", ""deadline"": ""עד סוף השבוע""}, {""assignee"": ""נאווה"", ""action"": ""שמירה על מסמכים ב-Google Drive עם גיבוי ב-Cloud"", ""deadline"": ""מיידי""}, {""assignee"": ""נאווה"", ""action"": ""סיום הצגת דגם העיצוב ושליחתו לסקירה"", ""deadline"": ""עד סוף השבוע""}, {""assignee"": ""יואב"", ""action"": ""יצירת Data Recovery Plan"", ""deadline"": ""לא מוגדר""}, {""assignee"": ""נאווה"", ""action"": ""שליחת תוכנית התאוששות ליואב"", ""deadline"": ""יום ראשון""}]","יואב: אוקיי, אז אנחנו מתחילים את הפגישה. יש כמה דברים על הפרק. נאווה, את יכולה להתחיל עם התקן עיצוב?..."
6,1.0,0.77,0.4,"[{""assignee"": ""דני"", ""action"": ""עבור על ה-CSS ונראה אם יש מקום לשיפור"", ""deadline"": ""סוף היום""}, {""assignee"": ""יעל"", ""action"": ""אסוף פידבק מהמשתמשים"", ""deadline"": ""המשך השבוע""}, {""assignee"": ""יעל"", ""action"": ""בדוק את ה-Endpoints ולוודא שהכל מסונכרן"", ""deadline"": ""עד סוף היום""}, {""assignee"": ""דני"", ""action"": ""דבר עם צוות ה-Backend על ה-API integration"", ""deadline"": ""עד סוף היום""}, {""assignee"": ""יעל"", ""action"": ""דבר עם ליאור על QA"", ""deadline"": ""המשך השבוע""}]","[{""assignee"": ""יעל"", ""action"": ""איסוף פידבק מהמשתמשים"", ""deadline"": ""סוף השבוע""}, {""assignee"": ""דני"", ""action"": ""בדיקת CSS להוספת שיפורים"", ""deadline"": ""סוף היום""}, {""assignee"": ""יעל"", ""action"": ""בדיקת UI responsiveness על מכשירים ישנים"", ""deadline"": ""סוף השבוע""}, {""assignee"": ""דני"", ""action"": ""דיבור עם צוות ה-Backend על API integration"", ""deadline"": ""סוף היום""}, {""assignee"": ""יעל"", ""action"": ""דיבור עם ליאור על בדיקת QA"", ""deadline"": ""סוף היום""}]","דני: היי יעל, ראיתי את ה-Figma החדש. מה דעתך על העיצוב? יעל: אני חושבת שזה נראה טוב, אבל צריך לוודא ..."
7,1.0,0.77,1.0,"[{""assignee"": ""אייל"", ""action"": ""לבצע מחקר על המתחרים המובילים בתחום ה-User Interface"", ""deadline"": ""יום חמישי הבא""}, {""assignee"": ""דנה"", ""action"": ""לשפר את ה-UX של ה-Prototype"", ""deadline"": ""סוף השבוע הבא""}]","[{""assignee"": ""אייל"", ""action"": ""לעשות מחקר על המתחרים המובילים בשוק"", ""deadline"": ""חמישי הבא""}, {""assignee"": ""דנה"", ""action"": ""לעבוד על שיפור ה-UX בגרסה הבאה"", ""deadline"": ""סוף השבוע הבא""}]","אייל: היי דנה, שמעת על הטרנדים החדשים בשוק לעיצוב שלט השליטה? דנה: כן, ראיתי שהרבה חברות מתמקדות ב-U..."
10,0.5,0.41,0.0,"[{""assignee"": ""יואב"", ""action"": ""לבחור סרט מרכזי או פופולארי משנות ה-90"", ""deadline"": ""יום ראשון""}, {""assignee"": ""ליאורה"", ""action"": ""לבדוק את ה-user experience וה-performance של המערכת"", ""deadline"": ""יום רביעי""}, {""assignee"": ""דני"", ""action"": ""להתחיל לעבוד על מבחן המוצר"", ""deadline"": ""יום חמישי""}]","[{""assignee"": ""דני"", ""action"": ""לקבוע את הצורך בשבב מתקדם לתצוגת LCD"", ""deadline"": ""שבועיים מעכשיו""}, {""assignee"": ""יואב"", ""action"": ""ליצור קונספט עם LCD"", ""deadline"": ""שבועיים מעכשיו""}, {""assignee"": ""ליאורה"", ""action"": ""ליצור קונספט בלעדי LCD"", ""deadline"": ""שבועיים מעכשיו""}, {""assignee"": ""דני"", ""action"": ""להציג את הקונספטים בישיבת צוות"", ""deadline"": ""שלושה שבועות מעכשיו""}]","דני: צריך להתחיל לעבוד על מבחן המוצר בקרוב. ליאורה: נכון, אני מציעה שנתחיל עם בדיקת ה-user experienc..."
11,0.67,0.49,0.0,"[{""assignee"": ""נועה"", ""action"": ""לחקור עומקית את הנתונים על עדפות הצבעים של המשתמשים"", ""deadline"": ""סוף השבוע""}, {""assignee"": ""קייט וקנדרה"", ""action"": ""להציג מודל ראשוני לדיון נוסף"", ""deadline"": ""סוף השבוע""}, {""assignee"": ""גיא"", ""action"": ""לבדוק את התגובות על הפיצ'ר החדש בגרסת הבטא"", ""deadline"": ""סוף השבוע""}]","[{""assignee"": ""נועה"", ""action"": ""להעריך את העדפות המשתמשים באפשרויות צבע לשלט הרחוק"", ""deadline"": ""10/11/2023""}, {""assignee"": ""קייט וקנדרה"", ""action"": ""לייצר מודל לצורך ביקורת ודיון נוסף"", ""deadline"": ""17/11/2023""}]","דני: היי, כולם. הבוקר אנחנו צריכים לדבר על ה-UX של האפליקציה שלנו. נועה: כן, במיוחד על העדפות המשתמש..."
12,0.83,0.89,0.83,"[{""assignee"": ""דנה"", ""action"": ""כתיבת Unit Tests"", ""deadline"": ""סוף השבוע""}, {""assignee"": ""יוסי"", ""action"": ""Deployment"", ""deadline"": ""יום ראשון""}, {""assignee"": ""דנה"", ""action"": ""תיעדוף על Bug List"", ""deadline"": ""לא ידוע""}, {""assignee"": ""יוסי"", ""action"": ""Code Review"", ""deadline"": ""יום שני""}, {""assignee"": ""דנה"", ""action"": ""כינון דוח סטטוס"", ""deadline"": ""יום רביעי""}, {""assignee"": ""דנה"", ""action"": ""הצעות לשיפור UI"", ""deadline"": ""מחר""}]","[{""assignee"": ""דנה"", ""action"": ""כתיבת Unit Tests"", ""deadline"": ""סוף השבוע""}, {""assignee"": ""דנה"", ""action"": ""התחלת Deployment"", ""deadline"": ""יום ראשון""}, {""assignee"": ""דנה"", ""action"": ""תיעדוף Bug List"", ""deadline"": ""לא צוין""}, {""assignee"": ""יוסי"", ""action"": ""ביצוע Code Review"", ""deadline"": ""יום שני""}, {""assignee"": ""דנה"", ""action"": ""הכנת דוח סטטוס"", ""deadline"": ""יום רביעי""}, {""assignee"": ""דנה"", ""action"": ""שליחת מסמך עם הצעות לשיפור UI"", ""deadline"": ""מחר""}]","יוסי: היי דנה, מה קורה? חשבתי שנדבר על ה-API החדש שאנחנו מפתחים. דנה: היי יוסי, בטח. קיבלתי את ה-Spe..."
13,0.5,0.64,0.0,"[{""assignee"": ""יונתן"", ""action"": ""לשקול את המגבלות בעלות הייצור בעת עיצוב השלט"", ""deadline"": ""יום ראשון, 14:00""}, {""assignee"": ""מיכל"", ""action"": ""ליצור בקשה לצוות העיצוב"", ""deadline"": ""יום ראשון, 14:00""}, {""assignee"": ""יונתן"", ""action"": ""לדאוג לתאם פגישה עם מחלקת הייצור"", ""deadline"": ""יום ראשון, 14:00""}]","[{""assignee"": ""מיכל"", ""action"": ""ליצור בקשה לצוות העיצוב"", ""deadline"": ""סוף השבוע""}, {""assignee"": ""יונתן"", ""action"": ""לדבר עם מחלקת הייצור לגבי העלויות"", ""deadline"": ""סוף השבוע""}, {""assignee"": ""מיכל"", ""action"": ""לתאם פגישה עם מחלקת הייצור"", ""deadline"": ""סוף השבוע""}, {""assignee"": ""יונתן"", ""action"": ""לבדוק את ה-API החדש"", ""deadline"": ""מחר""}]","יונתן: היי מיכל, יש לנו בעיה עם ה-UI של המוצר החדש. מיכל: כן, ראיתי את זה. אנחנו צריכים לשפר את ה-Us..."
14,0.75,0.73,0.0,"[{""assignee"": ""יוסי"", ""action"": ""חקור ונתח נקודות חולשה של שלטי רחוק נוכחיים"", ""deadline"": ""יום חמישי הבא""}, {""assignee"": ""רונית"", ""action"": ""חקור אפשרות לכלול מכשיר הכוונה לאיתור שלט הרחוק האבוד"", ""deadline"": ""יום ראשון הבא""}, {""assignee"": ""יוסי"", ""action"": ""הכין דוח על האפשרויות לצ'יפ המתקדם לשבוע הבא"", ""deadline"": ""יום רביעי הבא""}, {""assignee"": ""רונית"", ""action"": ""חשוב לבדוק השפעת העלויות של צ'יפ מתקדם על המחיר הסופי"", ""deadline"": ""יום שישי הבא""}]","[{""assignee"": ""יוסי"", ""action"": ""חקור ונתח נקודות חולשה של שלטי רחוק נוכחיים"", ""deadline"": ""סוף השבוע""}, {""assignee"": ""רונית"", ""action"": ""חקור את האפשרות לכלול מכשיר הכוונה לאיתור שלט הרחוק האבוד"", ""deadline"": ""לאחר סיום הפרויקט הנוכחי""}, {""assignee"": ""יוסי"", ""action"": ""הכין דוח על האפשרויות לצ'יפ המתקדם"", ""deadline"": ""שבוע הבא""}]","דנה: היי לכולם, אנחנו צריכים להחליט על תכונות נוספות לשלט החדש. יש הצעות? יוסי: אני חושב שכדאי להוסי..."
15,0.0,0.61,0.0,"[{""assignee"": ""יוסי"", ""action"": ""מחקר על אפשרות של גישה לאינטרנט דרך הטלוויזיה"", ""deadline"": ""שבוע הבא""}, {""assignee"": ""דנה"", ""action"": ""בדיקת התאמה לפרוטוקול אינפרא אדום קיים"", ""deadline"": ""סוף החודש""}, {""assignee"": ""אבי"", ""action"": ""רשימת רכיבים אפשריים והעלויות/זמינות שלהם"", ""deadline"": ""שבוע הבא""}]","[{""assignee"": ""דנה"", ""action"": ""לחקור אפשרות לגישה לאינטרנט דרך הטלוויזיה"", ""deadline"": ""27/10/2023""}, {""assignee"": ""אבי"", ""action"": ""לבדוק התאמה לפרוטוקול אינפרא אדום קיים"", ""deadline"": ""27/10/2023""}]",יוסי: איך אנחנו מתקדמים עם הפרויקט של ה-Smart TV? דנה: אנחנו צריכים לחקור את האפשרות של גישה לאינטרנ...
16,0.67,0.5,0.33,"[{""assignee"": ""דני"", ""action"": ""בדוק את העלויות והפוטנציאל השוקי"", ""deadline"": ""יום רביעי""}, {""assignee"": ""נועה"", ""action"": ""חקור תארכות דמות דובר"", ""deadline"": ""יום רביעי""}]","[{""assignee"": ""דני"", ""action"": ""בדיקת עלויות סוללה קינטית"", ""deadline"": ""מחר בצהריים""}, {""assignee"": ""נועה"", ""action"": ""חקירת תארכות דמות דובר בדפדוף"", ""deadline"": ""יום רביעי""}, {""assignee"": ""דני"", ""action"": ""חקר הפוטנציאל השוקי של המוצר"", ""deadline"": ""סוף השבוע""}]","יואב: אוקיי, בואו נעבור על המשימות שלנו להיום. קודם כל, אנחנו צריכים להחליט אם אנחנו משתמשים בסוללה ..."
17,0.25,0.67,0.0,"[{""assignee"": ""יוסי"", ""action"": ""גדרת פונקציות בסיסיות לשלט"", ""deadline"": ""יום ראשון""}, {""assignee"": ""נועה"", ""action"": ""ניתוח עלויות"", ""deadline"": ""יום ראשון""}, {""assignee"": ""אבי"", ""action"": ""לוח זמנים"", ""deadline"": ""יום ראשון""}, {""assignee"": ""דנה"", ""action"": ""עדכון על הפגישה הבאה"", ""deadline"": ""יום ראשון""}]","[{""assignee"": ""יוסי"", ""action"": ""הוספת Voice Control בגרסה הבאה"", ""deadline"": ""סוף נובמבר""}, {""assignee"": ""אבי"", ""action"": ""ניתוח עלויות לתפריטים נפרדים"", ""deadline"": ""אמצע נובמבר""}, {""assignee"": ""דנה"", ""action"": ""הצעה ללוח זמנים"", ""deadline"": ""סוף השבוע""}, {""assignee"": ""נועה"", ""action"": ""שליחת סיכום הפגישה"", ""deadline"": ""מייד לאחר הפגישה""}]","יוסי: אז בואו נתחיל עם הגדרת הפונקציות הבסיסיות לשלט. נועה: כן, אני חושבת שחשוב להתמקד ב-User Prefer..."
18,1.0,0.8,1.0,"[{""assignee"": ""יוסי"", ""action"": ""נתח את הנתונים הקיימים וראה איך הם משתלבים בשוק הנוכחי"", ""deadline"": ""יום חמישי""}, {""assignee"": ""דני"", ""action"": ""תאם עם מחלקת הלוגיסטיקה אם יש חדר פנוי לפאולה"", ""deadline"": ""יום שני""}]","[{""assignee"": ""יוסי"", ""action"": ""לנתח את הנתונים הקיימים להערכת הביקוש השוקי לשלט"", ""deadline"": ""חמישי""}, {""assignee"": ""דני"", ""action"": ""לתאם עם מחלקת הלוגיסטיקה להקצאת חדר לפאולה"", ""deadline"": ""שני""}]","דני: חבר'ה, בוקר טוב. אנחנו צריכים להעריך את הביקוש השוקי לשלט הרחוק החדש שלנו. נועה: נכון, השלט צרי..."
19,0.33,0.25,0.0,"[{""assignee"": ""דני"", ""action"": ""מצוער חברת הובלה ולהכין את לוח הזמנים."", ""deadline"": ""סוף החודש""}, {""assignee"": ""מיכל"", ""action"": ""צור קשר עם הצוותים ואיתור זמנים להתקנת הציוד."", ""deadline"": ""עד סוף השבוע""}]","[{""assignee"": ""דני"", ""action"": ""לתאם עם חברת ההובלה"", ""deadline"": ""31/10/2023""}, {""assignee"": ""מיכל"", ""action"": ""ליצור קשר עם הצוותים ולבדוק זמינות"", ""deadline"": ""01/11/2023""}, {""assignee"": ""מיכל"", ""action"": ""לסדר זמן להתקנת הציוד במקום החדש עם הצוות הטכני"", ""deadline"": ""05/11/2023""}, {""assignee"": ""מיכל"", ""action"": ""להכין רשימה של הציוד שצריך להעביר"", ""deadline"": ""03/11/2023""}, {""assignee"": ""מיכל"", ""action"": ""להכין מסמכים לתיאום לוגיסטי"", ""deadline"": ""04/11/2023""}, {""assignee"": ""דני"", ""action"": ""לחפש הצעות מחיר להובלה"", ""deadline"": ""02/11/2023""}]","דני: היי מיכל, אנחנו צריכים לתאם את לוגיסטיקת ההובלה ולוח הזמנים לפרויקט החדש. מיכל: כן, אני יודעת. ..."
20,0.5,0.34,0.5,"[{""assignee"": ""יוסי"", ""action"": ""בדוק אפשרויות קיימות לשילוב מכשיר מעקב עם existing infrastructure"", ""deadline"": ""שבוע הבא""}, {""assignee"": ""שרה"", ""action"": ""בדוק פתרונות נוספים למציאת שלטים שאבדו"", ""deadline"": ""סוף השבוע""}]","[{""assignee"": ""שרה"", ""action"": ""לנתח את ההשפעה הכלכלית של כל נקודת מחיר"", ""deadline"": ""סוף השבוע""}, {""assignee"": ""יוסי"", ""action"": ""לבדוק איך השינויים ישפיעו על ה-UI/UX"", ""deadline"": ""שבוע הבא""}, {""assignee"": ""יוסי"", ""action"": ""לבדוק אפשרויות קיימות לשילוב מכשירי מעקב"", ""deadline"": ""שבוע הבא""}, {""assignee"": ""שרה"", ""action"": ""לבדוק פתרונות נוספים כמו אפליקציות לנייד"", ""deadline"": ""סוף השבוע""}]","דוד: שלום לכולם, בואו נתחיל את הפגישה. נתחיל עם הניתוח של נקודות המחיר השונות על העיצוב והתכונות. שר..."
21,0.75,0.89,0.5,"[{""assignee"": ""מיכל"", ""action"": ""בדוק את הנושא של Python"", ""deadline"": ""סוף השבוע""}, {""assignee"": ""נועה"", ""action"": ""עבוד על ה-design system"", ""deadline"": ""שבוע הבא""}, {""assignee"": ""יוסי"", ""action"": ""עזור עם ה-notifications"", ""deadline"": ""שבוע הבא""}, {""assignee"": ""מיכל"", ""action"": ""עשה performance testing על ה-database"", ""deadline"": ""שבוע הבא""}]","[{""assignee"": ""מיכל"", ""action"": ""לבדוק את השימוש ב-Python"", ""deadline"": ""סוף השבוע""}, {""assignee"": ""נועה"", ""action"": ""לעבוד על ה-design system"", ""deadline"": ""בעוד שבוע""}, {""assignee"": ""מיכל"", ""action"": ""לעשות performance testing על ה-database"", ""deadline"": ""סוף השבוע""}, {""assignee"": ""נועה"", ""action"": ""לעבוד על הפיצ'ר של ה-notifications עם יוסי"", ""deadline"": ""בשבוע הבא""}]","דני: בוקר טוב לכולם, בואו נתחיל עם סקירה של מה שצריך לעשות היום. מיכל: כן, אני רוצה לוודא שכולם מבינ..."
22,0.71,0.64,0.43,"[{""assignee"": ""יוסי"", ""action"": ""בחירת מקורות האנרגיה"", ""deadline"": ""סוף השבוע""}, {""assignee"": ""רונית"", ""action"": ""בדיקת סוללות סולאריות"", ""deadline"": ""מחר בערב""}, {""assignee"": ""אבי"", ""action"": ""עיצוב מודלים בתוכנת CAD"", ""deadline"": ""היום""}, {""assignee"": ""יוסי"", ""action"": ""הערכת ייצור עד סוף השבוע"", ""deadline"": ""סוף השבוע""}, {""assignee"": ""רונית"", ""action"": ""בדיקות לגבי AI"", ""deadline"": ""לאחר קבלת הפרטים""}, {""assignee"": ""אבי"", ""action"": ""שילוב כפתור עזרה חכם"", ""deadline"": ""לאחר קבלת הפרטים""}, {""assignee"": ""יוסי"", ""action"": ""עקיבה ועדכון"", ""deadline"": ""סוף השבוע""}]","[{""assignee"": ""רונית"", ""action"": ""בדיקה של סוללות סולאריות"", ""deadline"": ""מחר בערב""}, {""assignee"": ""יוסי"", ""action"": ""סיום תהליך ההערכה לייצור"", ""deadline"": ""סוף השבוע""}, {""assignee"": ""אבי"", ""action"": ""בדיקת אפשרויות לממש כפתור עזרה חכם"", ""deadline"": ""ללא תאריך ספציפי""}, {""assignee"": ""רונית"", ""action"": ""הובלת קבוצת מיקוד לקבלת תגובות על העיצוב"", ""deadline"": ""ללא תאריך ספציפי""}, {""assignee"": ""יוסי"", ""action"": ""מעקב ותיעוד עם הצוות"", ""deadline"": ""סוף השבוע""}, {""assignee"": ""רונית"", ""action"": ""בדיקות לגבי AI"", ""deadline"": ""ללא תאריך ספציפי""}]",יוסי: אני חושב שאנחנו צריכים להתחיל בבחירת מקורות האנרגיה. מה אתם אומרים על שילוב סוללות מסורתיות וס...
23,0.67,0.78,1.0,"[{""assignee"": ""יוסי"", ""action"": ""בדוק את עלות ה-LCD"", ""deadline"": ""יום חמישי""}, {""assignee"": ""נועה"", ""action"": ""בדוק עיצובי הפרוטוטייפ"", ""deadline"": ""יום ראשון""}, {""assignee"": ""כולם"", ""action"": ""סיעור מוחות על עיצובים חדשים"", ""deadline"": ""יום רביעי""}]","[{""assignee"": ""יוסי"", ""action"": ""לבדוק את עלות ה-LCD"", ""deadline"": ""חמישי""}, {""assignee"": ""נועה"", ""action"": ""לבדוק את פונקציונליות ותומך המשתמש של עיצובי הפרוטוטייפ"", ""deadline"": ""ראשון""}, {""assignee"": ""נועה"", ""action"": ""לערוך סיעור מוחות על צורות מעוגלות ומהפכניות לעיצוב"", ""deadline"": ""רביעי""}]","יוסי: בוקר טוב חברים, בואו נתחיל את הישיבה שלנו. נועה: בוקר טוב יוסי. מה הנושאים שעל הפרק היום? אורן..."
25,0.17,0.44,0.5,"[{""assignee"": ""יוסי"", ""action"": ""אישור מונחים כמו \""galactic reddening\"""", ""deadline"": ""מחר""}, {""assignee"": ""רונית"", ""action"": ""אישור מונחים כמו \""galactic reddening\"""", ""deadline"": ""מחר""}, {""assignee"": ""דני"", ""action"": ""עיצוב שלט רחוק קל לשימוש עם זיהוי פקולי פשוט"", ""deadline"": ""שבועיים""}, {""assignee"": ""רונית"", ""action"": ""ערך מוסף לשלט הרחוק"", ""deadline"": ""סוף השבוע""}, {""assignee"": ""דני"", ""action"": ""סקיצה ראשונה לשלט הרחוק"", ""deadline"": ""סוף השבוע""}, {""assignee"": ""רונית"", ""action"": ""בדיקת המאפיינים הספקטרליים ועדכון על תוצאות"", ""deadline"": ""לא ידוע""}]","[{""assignee"": ""רונית"", ""action"": ""אשר את כלולם של מונחים כמו \""galactic reddening\"""", ""deadline"": ""מחר""}, {""assignee"": ""רונית"", ""action"": ""לעצב את השלט הרחוק עם זיהוי פקולי פשוט"", ""deadline"": ""שבועיים""}, {""assignee"": ""דני"", ""action"": ""הכנת סקיצה ראשונית לשלט הרחוק"", ""deadline"": ""סוף השבוע""}]","יוסי: היי רונית, איך התקדמנו עם האישורים למונחים כמו ""galactic reddening""? רונית: היי יוסי, אנחנו עד..."
26,0.75,0.59,0.75,"[{""assignee"": ""דנה"", ""action"": ""עדכן את הסיכום לגבי המדידות"", ""deadline"": ""מחר בערב""}, {""assignee"": ""יוסי"", ""action"": ""עבוד על סכימת הצבעים ולוגו"", ""deadline"": ""היום בערב""}, {""assignee"": ""רותם"", ""action"": ""בדוק חסרי ההעתקה והתכונות המתקדמות"", ""deadline"": ""סוף השבוע""}]","[{""assignee"": ""רותם"", ""action"": ""לעבוד על תכונות מתקדמות מוסתרות"", ""deadline"": ""סוף השבוע""}, {""assignee"": ""דנה"", ""action"": ""לעדכן את הסיכום לגבי מדידות חשיבות"", ""deadline"": ""מחר בערב""}, {""assignee"": ""יוסי"", ""action"": ""לטפל בסכימת הצבעים ולוגו"", ""deadline"": ""היום בערב""}, {""assignee"": ""רותם"", ""action"": ""לבדוק חסרי ההעתקה"", ""deadline"": ""סוף השבוע""}]","דנה: אנחנו צריכים לעדכן את הסיכום כדי שיטפל במדידות חשיבות שונות ובבחירת קטעים. יוסי: נכון, זה יכול ..."
27,0.6,0.53,0.2,"[{""assignee"": ""דני"", ""action"": ""בדוק את השלט והתפריט על הטלוויזיה במקום על השלט."", ""deadline"": ""יום חמישי""}, {""assignee"": ""מיכל"", ""action"": ""עבוד על כנתח שאלונים למשתמשים וסכימת ממצאים אחרי הפגישה."", ""deadline"": ""יום חמישי""}, {""assignee"": ""דני"", ""action"": ""עצב את השלט שיהיה יותר ידידותי למשתמש ומושך."", ""deadline"": ""יום חמישי""}, {""assignee"": ""מיכל"", ""action"": ""כין סיכום של הפגישה ושלח לכל הצוות."", ""deadline"": ""יום חמישי""}, {""assignee"": ""דני"", ""action"": ""עדכן את כולם על ההתקדמות שלנו אחרי זה."", ""deadline"": ""יום חמישי""}]","[{""assignee"": ""דני"", ""action"": ""בדיקת השפעת הצגת תפריט על הטלוויזיה על ה-UI וה-UX"", ""deadline"": ""בשבוע הבא""}, {""assignee"": ""דני"", ""action"": ""הכנת שאלונים למשתמשים"", ""deadline"": ""לפני הפגישה הבאה""}, {""assignee"": ""דני"", ""action"": ""עיצוב שלט ידידותי למשתמש"", ""deadline"": ""חמישי""}, {""assignee"": ""מיכל"", ""action"": ""הכנת סיכום של הפגישה"", ""deadline"": ""אחרי הפגישה""}]","דני: היי מיכל, חשבתי על הרעיון של להציג את התפריט על הטלוויזיה במקום על השלט. מה דעתך? מיכל: זה נשמע..."
28,0.0,0.34,0.0,"[{""assignee"": ""Oran"", ""action"": ""Research and evaluate storage options for archiving data"", ""deadline"": ""Monday""}, {""assignee"": ""Dana"", ""action"": ""Assign action items to relevant team members"", ""deadline"": ""Friday""}, {""assignee"": ""Oran"", ""action"": ""Collaborate with Ruthi on material selection and design"", ""deadline"": ""Tuesday""}, {""assignee"": ""Dana"", ""action"": ""Work with Dan on improving user interface and interaction components"", ""deadline"": ""Friday""}]","[{""assignee"": ""אורן"", ""action"": ""לבדוק את האפשרות והעלות של שמירה על האריכולציה"", ""deadline"": ""יום שני הבא""}, {""assignee"": ""דנה"", ""action"": ""לדבר עם רותי על חקר אפשרויות שכבת ספוג"", ""deadline"": ""סוף השבוע""}, {""assignee"": ""דנה"", ""action"": ""לעבוד עם דני על שיפור תכונות עם תצוגות גרפיות ורכיבים אינטראקטיביים"", ""deadline"": ""סוף השבוע""}]","אורן: היי דנה, איך הולך עם הפרויקט החדש? דנה: היי אורן, אני עובדת על זה. יש לנו כמה משימות לדון בהן...."
29,0.0,0.39,0.33,"[{""assignee"": ""יוסי"", ""action"": ""איתור והגדרת פונקציות כפתורים"", ""deadline"": ""סוף השבוע""}, {""assignee"": ""נועה"", ""action"": ""עיצוב והגדרת פונקציות כפתורים"", ""deadline"": ""סוף השבוע""}, {""assignee"": ""דנה"", ""action"": ""שילוב עיצוב ואלמנטים אופנתיים ב-UI/UX"", ""deadline"": ""אמצע השבוע הבא""}]","[{""assignee"": ""נועה"", ""action"": ""לסיים את פונקציות הכפתורים"", ""deadline"": ""סוף השבוע""}, {""assignee"": ""דנה"", ""action"": ""לעבוד על העיצוב ולשלב CSS"", ""deadline"": ""אמצע השבוע הבא""}]",יוסי: אז מה המצב עם הפיצ'ר של השלט הרחוק? נועה: אנחנו עדיין מנסים להגדיר את הפונקציות המרכזיות. יוסי...
30,0.5,0.85,0.0,"[{""assignee"": ""נועה"", ""action"": ""הכנת הודעת פרויקט עד מחר בצהריים""}, {""assignee"": ""רותם"", ""action"": ""ביצוע סקירה מלאה של ההיפנות שלנו ולהבטיח עקביות""}, {""assignee"": ""נועם"", ""action"": ""הערכת תהליך ה-Data Analysis שלנו לחסכון בעלויות""}, {""assignee"": ""רוני"", ""action"": ""חקר אפשרות להוספת Themes חדשים""}]","[{""assignee"": ""רותם"", ""action"": ""סקירה מלאה של ההיפנות ולהבטיח עקביות"", ""deadline"": ""היום בערב""}, {""assignee"": ""רותם"", ""action"": ""ביצוע הערכה של תהליך ה-Data Analysis"", ""deadline"": ""מחר בבוקר""}, {""assignee"": ""רותם"", ""action"": ""חקר האפשרות להוסיף Themes חדשים"", ""deadline"": ""בשבוע הבא""}, {""assignee"": ""נועה"", ""action"": ""הכנת ושליחת הודעת פרויקט לצוות"", ""deadline"": ""מחר בצהריים""}]","רותם: היי כולם, בואו נתחיל את הישיבה. יש לנו כמה נושאים חשובים לדון היום. נועם: קודם כל, רציתי לדבר ..."
